,dates,Unnamed: 0,rating,month,year,moving
0,2018-03-12,505.5,3.0,3.0,2018.0,3.0
1,2018-03-13,505.5,3.0,3.0,2018.0,3.0
2,2018-03-14,505.5,3.0,3.0,2018.0,3.0
3,2018-03-15,505.5,3.0,3.0,2018.0,3.0
4,2018-03-16,505.5,3.0,3.0,2018.0,3.0
5,2018-03-17,504.0,5.0,3.0,2018.0,4.0
6,2018-03-18,504.0,5.0,3.0,2018.0,4.0
7,2018-03-19,503.0,5.0,3.0,2018.0,4.333333333333333
8,2018-03-20,502.0,5.0,3.0,2018.0,4.5
9,2018-03-21,501.0,5.0,3.0,2018.0,4.6
10,2018-03-22,1088.0,5.0,3.0,2018.0,4.666666666666667
11,2018-03-23,695.3333333333334,5.0,3.0,2018.0,4.714285714285714
12,2018-03-24,695.3333333333334,5.0,3.0,2018.0,4.714285714285714
13,2018-03-25,498.0,5.0,3.0,2018.0,4.75
14,2018-03-26,791.5,5.0,3.0,2018.0,4.777777777777778
15,2018-03-27,791.5,5.0,3.0,2018.0,4.777777777777778
16,2018-03-28,495.5,5.0,3.0,2018.0,4.8
17,2018-03-29,495.5,5.0,3.0,2018.0,4.8
18,2018-03-30,789.5,5.0,3.0,2018.0,4.818181818181818
19,2018-03-31,1084.0,5.0,3.0,2018.0,4.833333333333333
20,2018-04-01,1084.0,5.0,3.0,2018.0,4.833333333333333
21,2018-04-02,1083.0,5.0,4.0,2018.0,4.846153846153846
22,2018-04-03,493.0,5.0,4.0,2018.0,4.857142857142857
23,2018-04-04,787.0,5.0,4.0,2018.0,4.866666666666666
24,2018-04-05,787.0,5.0,4.0,2018.0,4.866666666666666
25,2018-04-06,787.0,5.0,4.0,2018.0,4.866666666666666
26,2018-04-07,787.0,5.0,4.0,2018.0,4.866666666666666
27,2018-04-08,787.0,5.0,4.0,2018.0,4.866666666666666
28,2018-04-09,786.0,5.0,4.0,2018.0,4.875
29,2018-04-10,1079.0,5.0,4.0,2018.0,4.882352941176471
30,2018-04-11,1077.0,5.0,4.0,2018.0,4.888888888888889
31,2018-04-12,1076.0,5.0,4.0,2018.0,4.894736842105263
32,2018-04-13,1076.0,5.0,4.0,2018.0,4.894736842105263
33,2018-04-14,1075.0,5.0,4.0,2018.0,4.9
34,2018-04-15,1075.0,5.0,4.0,2018.0,4.9
35,2018-04-16,1075.0,5.0,4.0,2018.0,4.9
36,2018-04-17,1075.0,5.0,4.0,2018.0,4.9
37,2018-04-18,1075.0,5.0,4.0,2018.0,4.9
38,2018-04-19,1075.0,5.0,4.0,2018.0,4.9
39,2018-04-20,1075.0,5.0,4.0,2018.0,4.9
40,2018-04-21,490.0,3.0,4.0,2018.0,4.809523809523809
41,2018-04-22,490.0,3.0,4.0,2018.0,4.809523809523809
42,2018-04-23,489.0,5.0,4.0,2018.0,4.818181818181818
43,2018-04-24,633.75,4.75,4.0,2018.0,4.815217391304348
44,2018-04-25,779.0,5.0,4.0,2018.0,4.822916666666667
45,2018-04-26,779.0,5.0,4.0,2018.0,4.822916666666667
46,2018-04-27,1071.0,3.6666666666666665,4.0,2018.0,4.776666666666667
47,2018-04-28,1071.0,3.6666666666666665,4.0,2018.0,4.776666666666667
48,2018-04-29,484.0,5.0,4.0,2018.0,4.785256410256411
49,2018-04-30,1069.0,3.0,4.0,2018.0,4.719135802469136
50,2018-05-01,483.0,5.0,5.0,2018.0,4.729166666666667
51,2018-05-02,775.0,4.0,5.0,2018.0,4.704022988505748
52,2018-05-03,480.0,4.333333333333333,5.0,2018.0,4.691666666666667
53,2018-05-04,478.0,5.0,5.0,2018.0,4.758333333333335
54,2018-05-05,478.0,5.0,5.0,2018.0,4.758333333333335
55,2018-05-06,478.0,5.0,5.0,2018.0,4.758333333333335
56,2018-05-07,477.0,5.0,5.0,2018.0,4.758333333333335
57,2018-05-08,477.0,5.0,5.0,2018.0,4.758333333333335
58,2018-05-09,476.0,5.0,5.0,2018.0,4.758333333333335
59,2018-05-10,476.0,5.0,5.0,2018.0,4.758333333333335
60,2018-05-11,476.0,5.0,5.0,2018.0,4.758333333333335
61,2018-05-12,476.0,5.0,5.0,2018.0,4.758333333333335
62,2018-05-13,475.0,5.0,5.0,2018.0,4.758333333333335
63,2018-05-14,473.5,4.0,5.0,2018.0,4.7250000000000005
64,2018-05-15,473.5,4.0,5.0,2018.0,4.7250000000000005
65,2018-05-16,473.5,4.0,5.0,2018.0,4.7250000000000005
66,2018-05-17,473.5,4.0,5.0,2018.0,4.7250000000000005
67,2018-05-18,473.5,4.0,5.0,2018.0,4.7250000000000005
68,2018-05-19,473.5,4.0,5.0,2018.0,4.7250000000000005
69,2018-05-20,769.5,5.0,5.0,2018.0,4.7250000000000005
70,2018-05-21,471.0,5.0,5.0,2018.0,4.7250000000000005
71,2018-05-22,471.0,5.0,5.0,2018.0,4.7250000000000005
72,2018-05-23,471.0,5.0,5.0,2018.0,4.7250000000000005
73,2018-05-24,471.0,5.0,5.0,2018.0,4.7250000000000005
74,2018-05-25,470.0,5.0,5.0,2018.0,4.7250000000000005
75,2018-05-26,470.0,5.0,5.0,2018.0,4.7250000000000005
76,2018-05-27,469.0,5.0,5.0,2018.0,4.7250000000000005
77,2018-05-28,767.0,1.0,5.0,2018.0,4.591666666666668
78,2018-05-29,467.0,5.0,5.0,2018.0,4.591666666666668
79,2018-05-30,865.0,3.3333333333333335,5.0,2018.0,4.536111111111112
80,2018-05-31,865.0,3.3333333333333335,5.0,2018.0,4.536111111111112
81,2018-06-01,465.0,5.0,6.0,2018.0,4.536111111111112
82,2018-06-02,465.0,5.0,6.0,2018.0,4.536111111111112
83,2018-06-03,465.0,5.0,6.0,2018.0,4.536111111111112
84,2018-06-04,464.0,5.0,6.0,2018.0,4.536111111111112
85,2018-06-05,462.5,5.0,6.0,2018.0,4.536111111111112
86,2018-06-06,460.5,3.0,6.0,2018.0,4.469444444444446
87,2018-06-07,460.5,3.0,6.0,2018.0,4.469444444444446
88,2018-06-08,459.0,1.0,6.0,2018.0,4.336111111111112
89,2018-06-09,459.0,1.0,6.0,2018.0,4.336111111111112
90,2018-06-10,459.0,1.0,6.0,2018.0,4.336111111111112
91,2018-06-11,459.0,1.0,6.0,2018.0,4.336111111111112
92,2018-06-12,1062.0,5.0,6.0,2018.0,4.336111111111112
93,2018-06-13,1059.5,4.5,6.0,2018.0,4.3194444444444455
94,2018-06-14,458.0,3.0,6.0,2018.0,4.252777777777779
95,2018-06-15,456.5,5.0,6.0,2018.0,4.3194444444444455
96,2018-06-16,454.5,5.0,6.0,2018.0,4.3194444444444455
97,2018-06-17,454.5,5.0,6.0,2018.0,4.3194444444444455
98,2018-06-18,1058.0,5.0,6.0,2018.0,4.327777777777779
99,2018-06-19,755.0,5.0,6.0,2018.0,4.327777777777779
100,2018-06-20,452.0,5.0,6.0,2018.0,4.372222222222224
101,2018-06-21,452.0,5.0,6.0,2018.0,4.372222222222224
102,2018-06-22,450.5,4.0,6.0,2018.0,4.33888888888889
103,2018-06-23,1056.0,5.0,6.0,2018.0,4.405555555555557
104,2018-06-24,1056.0,5.0,6.0,2018.0,4.405555555555557
105,2018-06-25,1056.0,5.0,6.0,2018.0,4.405555555555557
106,2018-06-26,902.75,4.75,6.0,2018.0,4.397222222222224
107,2018-06-27,902.75,4.75,6.0,2018.0,4.397222222222224
108,2018-06-28,448.0,5.0,6.0,2018.0,4.430555555555557
109,2018-06-29,1078.0,4.666666666666667,6.0,2018.0,4.441666666666667
110,2018-06-30,446.0,1.0,6.0,2018.0,4.3083333333333345
111,2018-07-01,446.0,1.0,6.0,2018.0,4.3083333333333345
112,2018-07-02,1051.0,5.0,7.0,2018.0,4.3083333333333345
113,2018-07-03,1304.0,4.333333333333333,7.0,2018.0,4.286111111111112
114,2018-07-04,1304.0,4.333333333333333,7.0,2018.0,4.286111111111112
115,2018-07-05,444.0,5.0,7.0,2018.0,4.286111111111112
116,2018-07-06,443.0,5.0,7.0,2018.0,4.3194444444444455
117,2018-07-07,442.0,5.0,7.0,2018.0,4.3194444444444455
118,2018-07-08,441.0,5.0,7.0,2018.0,4.3194444444444455
119,2018-07-09,1049.5,5.0,7.0,2018.0,4.3194444444444455
120,2018-07-10,440.0,5.0,7.0,2018.0,4.3194444444444455
121,2018-07-11,440.0,5.0,7.0,2018.0,4.3194444444444455
122,2018-07-12,1732.0,5.0,7.0,2018.0,4.452777777777779
123,2018-07-13,1732.0,5.0,7.0,2018.0,4.452777777777779
124,2018-07-14,439.0,5.0,7.0,2018.0,4.452777777777779
125,2018-07-15,438.0,5.0,7.0,2018.0,4.508333333333335
126,2018-07-16,742.5,4.5,7.0,2018.0,4.491666666666668
127,2018-07-17,1559.0,5.0,7.0,2018.0,4.491666666666668
128,2018-07-18,1559.0,5.0,7.0,2018.0,4.491666666666668
129,2018-07-19,1559.0,5.0,7.0,2018.0,4.491666666666668
130,2018-07-20,436.0,5.0,7.0,2018.0,4.491666666666668
131,2018-07-21,436.0,5.0,7.0,2018.0,4.491666666666668
132,2018-07-22,436.0,5.0,7.0,2018.0,4.491666666666668
133,2018-07-23,436.0,5.0,7.0,2018.0,4.491666666666668
134,2018-07-24,435.0,4.0,7.0,2018.0,4.525000000000001
135,2018-07-25,435.0,4.0,7.0,2018.0,4.525000000000001
136,2018-07-26,435.0,4.0,7.0,2018.0,4.525000000000001
137,2018-07-27,435.0,4.0,7.0,2018.0,4.525000000000001
138,2018-07-28,1047.0,1.0,7.0,2018.0,4.525000000000001
139,2018-07-29,434.0,5.0,7.0,2018.0,4.525000000000001
140,2018-07-30,434.0,5.0,7.0,2018.0,4.525000000000001
141,2018-07-31,700.0,5.0,7.0,2018.0,4.541666666666668
142,2018-08-01,872.25,4.5,8.0,2018.0,4.591666666666668
143,2018-08-02,1044.0,5.0,8.0,2018.0,4.591666666666668
144,2018-08-03,431.0,5.0,8.0,2018.0,4.591666666666668
145,2018-08-04,431.0,5.0,8.0,2018.0,4.591666666666668
146,2018-08-05,1261.5,5.0,8.0,2018.0,4.591666666666668
147,2018-08-06,1068.0,4.666666666666667,8.0,2018.0,4.580555555555557
148,2018-08-07,1003.0,5.0,8.0,2018.0,4.580555555555557
149,2018-08-08,696.0,5.0,8.0,2018.0,4.61388888888889
150,2018-08-09,1238.3333333333333,3.6666666666666665,8.0,2018.0,4.569444444444445
151,2018-08-10,427.0,5.0,8.0,2018.0,4.577777777777778
152,2018-08-11,425.5,2.0,8.0,2018.0,4.477777777777778
153,2018-08-12,1728.5,1.5,8.0,2018.0,4.372222222222223
154,2018-08-13,1727.0,5.0,8.0,2018.0,4.505555555555556
155,2018-08-14,424.0,5.0,8.0,2018.0,4.505555555555556
156,2018-08-15,423.0,1.0,8.0,2018.0,4.394444444444445
157,2018-08-16,423.0,1.0,8.0,2018.0,4.394444444444445
158,2018-08-17,1726.0,1.0,8.0,2018.0,4.261111111111111
159,2018-08-18,1041.0,4.0,8.0,2018.0,4.227777777777778
160,2018-08-19,1041.0,4.0,8.0,2018.0,4.227777777777778
161,2018-08-20,1041.0,4.0,8.0,2018.0,4.227777777777778
162,2018-08-21,422.0,5.0,8.0,2018.0,4.227777777777778
163,2018-08-22,1556.0,5.0,8.0,2018.0,4.227777777777778
164,2018-08-23,730.5,5.0,8.0,2018.0,4.227777777777778
165,2018-08-24,1039.0,1.0,8.0,2018.0,4.094444444444445
166,2018-08-25,420.0,2.0,8.0,2018.0,3.994444444444445
167,2018-08-26,1038.0,5.0,8.0,2018.0,3.994444444444445
168,2018-08-27,1038.0,5.0,8.0,2018.0,3.994444444444445
169,2018-08-28,1640.0,4.0,8.0,2018.0,3.9611111111111112
170,2018-08-29,419.0,5.0,8.0,2018.0,3.9777777777777783
171,2018-08-30,2691.0,5.0,8.0,2018.0,3.9777777777777783
172,2018-08-31,1724.0,5.0,8.0,2018.0,3.9777777777777783
173,2018-09-01,1724.0,5.0,8.0,2018.0,3.9777777777777783
174,2018-09-02,1724.0,5.0,8.0,2018.0,3.9777777777777783
175,2018-09-03,986.0,5.0,9.0,2018.0,4.011111111111111
176,2018-09-04,1723.0,5.0,9.0,2018.0,4.144444444444445
177,2018-09-05,1722.0,5.0,9.0,2018.0,4.144444444444445
178,2018-09-06,1722.0,5.0,9.0,2018.0,4.144444444444445
179,2018-09-07,1722.0,5.0,9.0,2018.0,4.144444444444445
180,2018-09-08,417.0,5.0,9.0,2018.0,4.144444444444445
181,2018-09-09,416.0,2.0,9.0,2018.0,4.061111111111112
182,2018-09-10,2121.5,5.0,9.0,2018.0,4.061111111111112
183,2018-09-11,2121.5,5.0,9.0,2018.0,4.061111111111112
184,2018-09-12,850.0,3.3333333333333335,9.0,2018.0,4.0055555555555555
185,2018-09-13,1378.5,4.5,9.0,2018.0,3.988888888888889
186,2018-09-14,1551.0,4.5,9.0,2018.0,3.9833333333333334
187,2018-09-15,687.0,5.0,9.0,2018.0,3.9833333333333334
188,2018-09-16,1036.0,5.0,9.0,2018.0,3.9833333333333334
189,2018-09-17,410.5,3.5,9.0,2018.0,3.9777777777777774
190,2018-09-18,410.5,3.5,9.0,2018.0,3.9777777777777774
191,2018-09-19,998.0,5.0,9.0,2018.0,3.9777777777777774
192,2018-09-20,408.5,3.0,9.0,2018.0,4.011111111111111
193,2018-09-21,638.25,4.5,9.0,2018.0,4.111111111111111
194,2018-09-22,638.25,4.5,9.0,2018.0,4.111111111111111
195,2018-09-23,401.0,5.0,9.0,2018.0,4.111111111111111
196,2018-09-24,586.0,1.6666666666666667,9.0,2018.0,3.9999999999999996
197,2018-09-25,398.0,2.0,9.0,2018.0,4.033333333333333
198,2018-09-26,1255.0,5.0,9.0,2018.0,4.166666666666666
199,2018-09-27,956.5,5.0,9.0,2018.0,4.2
200,2018-09-28,956.5,5.0,9.0,2018.0,4.2
201,2018-09-29,1216.5,3.75,9.0,2018.0,4.158333333333333
202,2018-09-30,955.0,5.0,9.0,2018.0,4.158333333333333
203,2018-10-01,1056.0,4.5,10.0,2018.0,4.141666666666667
204,2018-10-02,1033.0,5.0,10.0,2018.0,4.275
205,2018-10-03,1033.0,5.0,10.0,2018.0,4.275
206,2018-10-04,954.0,5.0,10.0,2018.0,4.375
207,2018-10-05,953.0,5.0,10.0,2018.0,4.375
208,2018-10-06,953.0,5.0,10.0,2018.0,4.375
209,2018-10-07,973.0,3.0,10.0,2018.0,4.341666666666667
210,2018-10-08,973.0,3.0,10.0,2018.0,4.341666666666667
211,2018-10-09,713.0,5.0,10.0,2018.0,4.341666666666667
212,2018-10-10,1046.3333333333333,4.666666666666667,10.0,2018.0,4.330555555555555
213,2018-10-11,1046.3333333333333,4.666666666666667,10.0,2018.0,4.330555555555555
214,2018-10-12,1046.3333333333333,4.666666666666667,10.0,2018.0,4.330555555555555
215,2018-10-13,1540.0,5.0,10.0,2018.0,4.330555555555555
216,2018-10-14,1540.0,5.0,10.0,2018.0,4.330555555555555
217,2018-10-15,1021.75,5.0,10.0,2018.0,4.330555555555555
218,2018-10-16,1021.75,5.0,10.0,2018.0,4.330555555555555
219,2018-10-17,2687.0,5.0,10.0,2018.0,4.330555555555555
220,2018-10-18,390.0,5.0,10.0,2018.0,4.330555555555555
221,2018-10-19,390.0,5.0,10.0,2018.0,4.330555555555555
222,2018-10-20,2686.0,5.0,10.0,2018.0,4.330555555555555
223,2018-10-21,670.0,4.5,10.0,2018.0,4.413888888888889
224,2018-10-22,959.25,3.75,10.0,2018.0,4.372222222222222
225,2018-10-23,959.25,3.75,10.0,2018.0,4.372222222222222
226,2018-10-24,959.25,3.75,10.0,2018.0,4.372222222222222
227,2018-10-25,1016.0,4.0,10.0,2018.0,4.394444444444444
228,2018-10-26,384.5,4.0,10.0,2018.0,4.377777777777777
229,2018-10-27,384.5,4.0,10.0,2018.0,4.377777777777777
230,2018-10-28,384.5,4.0,10.0,2018.0,4.377777777777777
231,2018-10-29,384.5,4.0,10.0,2018.0,4.377777777777777
232,2018-10-30,758.3333333333334,4.333333333333333,10.0,2018.0,4.372222222222222
233,2018-10-31,758.3333333333334,4.333333333333333,10.0,2018.0,4.372222222222222
234,2018-11-01,945.0,5.0,11.0,2018.0,4.372222222222222
235,2018-11-02,1012.3333333333334,4.333333333333333,11.0,2018.0,4.35
236,2018-11-03,1267.0,4.0,11.0,2018.0,4.366666666666666
237,2018-11-04,1044.0,5.0,11.0,2018.0,4.366666666666666
238,2018-11-05,1029.0,5.0,11.0,2018.0,4.433333333333334
239,2018-11-06,1029.0,5.0,11.0,2018.0,4.433333333333334
240,2018-11-07,378.0,5.0,11.0,2018.0,4.45
241,2018-11-08,1286.5,4.0,11.0,2018.0,4.416666666666667
242,2018-11-09,943.0,5.0,11.0,2018.0,4.527777777777778
243,2018-11-10,943.0,5.0,11.0,2018.0,4.527777777777778
244,2018-11-11,810.0,3.6666666666666665,11.0,2018.0,4.583333333333333
245,2018-11-12,810.0,3.6666666666666665,11.0,2018.0,4.583333333333333
246,2018-11-13,1040.5,4.5,11.0,2018.0,4.566666666666666
247,2018-11-14,1040.5,4.5,11.0,2018.0,4.566666666666666
248,2018-11-15,1333.0,3.6666666666666665,11.0,2018.0,4.522222222222222
249,2018-11-16,1333.0,3.6666666666666665,11.0,2018.0,4.522222222222222
250,2018-11-17,1333.0,3.6666666666666665,11.0,2018.0,4.522222222222222
251,2018-11-18,807.6666666666666,4.666666666666667,11.0,2018.0,4.552777777777777
252,2018-11-19,560.6666666666666,3.3333333333333335,11.0,2018.0,4.497222222222222
253,2018-11-20,560.6666666666666,3.3333333333333335,11.0,2018.0,4.497222222222222
254,2018-11-21,560.6666666666666,3.3333333333333335,11.0,2018.0,4.497222222222222
255,2018-11-22,369.0,5.0,11.0,2018.0,4.513888888888888
256,2018-11-23,368.0,5.0,11.0,2018.0,4.513888888888888
257,2018-11-24,940.0,5.0,11.0,2018.0,4.513888888888888
258,2018-11-25,940.0,5.0,11.0,2018.0,4.513888888888888
259,2018-11-26,813.0,3.3333333333333335,11.0,2018.0,4.458333333333333
260,2018-11-27,364.0,4.666666666666667,11.0,2018.0,4.513888888888888
261,2018-11-28,1549.0,5.0,11.0,2018.0,4.513888888888888
262,2018-11-29,362.0,4.0,11.0,2018.0,4.491666666666666
263,2018-11-30,1705.0,5.0,11.0,2018.0,4.491666666666666
264,2018-12-01,808.3333333333334,3.3333333333333335,12.0,2018.0,4.436111111111112
265,2018-12-02,358.0,3.3333333333333335,12.0,2018.0,4.380555555555556
266,2018-12-03,1303.5,4.0,12.0,2018.0,4.347222222222223
267,2018-12-04,647.0,5.0,12.0,2018.0,4.347222222222223
268,2018-12-05,647.0,5.0,12.0,2018.0,4.347222222222223
269,2018-12-06,1546.5,4.0,12.0,2018.0,4.330555555555557
270,2018-12-07,936.5,5.0,12.0,2018.0,4.372222222222223
271,2018-12-08,945.0,4.666666666666667,12.0,2018.0,4.394444444444445
272,2018-12-09,1337.8,5.0,12.0,2018.0,4.427777777777778
273,2018-12-10,1501.25,4.625,12.0,2018.0,4.4375
274,2018-12-11,1530.25,5.0,12.0,2018.0,4.4375
275,2018-12-12,1918.5,3.0,12.0,2018.0,4.393055555555555
276,2018-12-13,1300.5,3.5,12.0,2018.0,4.376388888888888
277,2018-12-14,1725.5,5.0,12.0,2018.0,4.376388888888888
278,2018-12-15,1572.0,3.857142857142857,12.0,2018.0,4.33829365079365
279,2018-12-16,1902.0,3.6,12.0,2018.0,4.291626984126983
280,2018-12-17,1740.1,3.2,12.0,2018.0,4.264960317460317
281,2018-12-18,1155.9,4.6,12.0,2018.0,4.251626984126983
282,2018-12-19,1747.4285714285713,4.571428571428571,12.0,2018.0,4.281785714285714
283,2018-12-20,1879.0,2.0,12.0,2018.0,4.19845238095238
284,2018-12-21,1373.25,4.125,12.0,2018.0,4.213730158730159
285,2018-12-22,339.0,4.0,12.0,2018.0,4.191507936507936
286,2018-12-23,1845.0,2.857142857142857,12.0,2018.0,4.175634920634919
287,2018-12-24,1427.857142857143,4.0,12.0,2018.0,4.142301587301586
288,2018-12-25,1605.1666666666667,3.6666666666666665,12.0,2018.0,4.0978571428571415
289,2018-12-26,2020.0,4.2,12.0,2018.0,4.071190476190475
290,2018-12-27,1721.0,3.9166666666666665,12.0,2018.0,4.09063492063492
291,2018-12-28,1815.3333333333333,4.333333333333333,12.0,2018.0,4.079523809523808
292,2018-12-29,1683.1666666666667,3.1666666666666665,12.0,2018.0,4.018412698412697
293,2018-12-30,1771.4,4.6,12.0,2018.0,4.038412698412697
294,2018-12-31,1380.7142857142858,4.0,12.0,2018.0,4.0050793650793635
295,2019-01-01,1611.4545454545455,3.5454545454545454,1.0,2019.0,4.012150072150071
296,2019-01-02,1463.5,4.166666666666667,1.0,2019.0,4.039927849927849
297,2019-01-03,1793.875,3.375,1.0,2019.0,4.0190945165945156
298,2019-01-04,1507.8,3.4,1.0,2019.0,3.9657611832611823
299,2019-01-05,1788.1,4.0,1.0,2019.0,3.9657611832611823
300,2019-01-06,1732.2142857142858,4.142857142857143,1.0,2019.0,3.937189754689754
301,2019-01-07,1782.0,3.6,1.0,2019.0,3.901634199134198
302,2019-01-08,1587.0,4.222222222222222,1.0,2019.0,3.8757082732082724
303,2019-01-09,1601.2,4.4,1.0,2019.0,3.8682082732082725
304,2019-01-10,1388.0,3.875,1.0,2019.0,3.8307082732082725
305,2019-01-11,1753.1,4.3,1.0,2019.0,3.8740416065416055
306,2019-01-12,1515.0,3.5,1.0,2019.0,3.8740416065416055
307,2019-01-13,1116.0,4.5,1.0,2019.0,3.857374939874939
308,2019-01-14,1134.5714285714287,4.857142857142857,1.0,2019.0,3.8907082732082725
309,2019-01-15,1716.0,3.5,1.0,2019.0,3.887374939874939
310,2019-01-16,1402.857142857143,2.857142857142857,1.0,2019.0,3.875946368446368
311,2019-01-17,1506.1538461538462,3.076923076923077,1.0,2019.0,3.8251771376771373
312,2019-01-18,1722.2857142857142,4.285714285714286,1.0,2019.0,3.8156533281533282
313,2019-01-19,1541.875,3.5,1.0,2019.0,3.865653328153328
314,2019-01-20,1557.5,4.3,1.0,2019.0,3.8714866614866614
315,2019-01-21,1474.1538461538462,4.538461538461538,1.0,2019.0,3.889435379435379
316,2019-01-22,1562.5454545454545,4.818181818181818,1.0,2019.0,3.954803344803344
317,2019-01-23,1495.857142857143,4.714285714285714,1.0,2019.0,3.978612868612868
318,2019-01-24,1126.8181818181818,4.181818181818182,1.0,2019.0,3.995784585784585
319,2019-01-25,1487.5714285714287,4.285714285714286,1.0,2019.0,3.998641728641728
320,2019-01-26,1482.2857142857142,3.4285714285714284,1.0,2019.0,3.9823718873718863
321,2019-01-27,1502.25,4.125,1.0,2019.0,3.975427442927442
322,2019-01-28,1537.4,3.0,1.0,2019.0,3.9698718873718866
323,2019-01-29,1340.5,4.5,1.0,2019.0,3.966538554038553
324,2019-01-30,1636.4,3.2,1.0,2019.0,3.9398718873718868
325,2019-01-31,1529.8,3.8,1.0,2019.0,3.948356735856735
326,2019-02-01,1656.125,4.0,2.0,2019.0,3.9428011803011795
327,2019-02-02,1221.4,4.7,2.0,2019.0,3.986967846967846
328,2019-02-03,1612.5,3.5,2.0,2019.0,3.9903011803011794
329,2019-02-04,1633.8,4.2,2.0,2019.0,3.9969678469678462
330,2019-02-05,1737.1818181818182,3.8181818181818183,2.0,2019.0,3.986145336145335
331,2019-02-06,1389.8333333333333,4.5,2.0,2019.0,4.016145336145335
332,2019-02-07,1600.0,5.0,2.0,2019.0,4.0420712620712616
333,2019-02-08,1288.4615384615386,4.0,2.0,2019.0,4.028737928737928
334,2019-02-09,1571.8333333333333,3.6666666666666665,2.0,2019.0,4.021793484293483
335,2019-02-10,1109.25,4.5,2.0,2019.0,4.02846015096015
336,2019-02-11,1625.5,3.75,2.0,2019.0,4.036793484293484
337,2019-02-12,1385.3333333333333,4.0,2.0,2019.0,4.020126817626816
338,2019-02-13,1525.0,4.125,2.0,2019.0,3.9957220557220547
339,2019-02-14,1322.4,3.6,2.0,2019.0,3.9990553890553877
340,2019-02-15,1320.4,4.3,2.0,2019.0,4.047150627150626
341,2019-02-16,1609.0,4.75,2.0,2019.0,4.102919857919856
342,2019-02-17,1450.8,3.4,2.0,2019.0,4.073396048396047
343,2019-02-18,1430.4444444444443,4.888888888888889,2.0,2019.0,4.119692344692343
344,2019-02-19,1412.25,3.875,2.0,2019.0,4.105525678025677
345,2019-02-20,1321.25,4.5,2.0,2019.0,4.104243626743625
346,2019-02-21,1310.2,4.2,2.0,2019.0,4.083637566137565
347,2019-02-22,1544.2,4.6,2.0,2019.0,4.0798280423280415
348,2019-02-23,1492.0,3.4444444444444446,2.0,2019.0,4.055248917748917
349,2019-02-24,1130.0,4.75,2.0,2019.0,4.070725108225107
350,2019-02-25,1550.0,4.8,2.0,2019.0,4.116439393939392
351,2019-02-26,1456.0,4.333333333333333,2.0,2019.0,4.123383838383837
352,2019-02-27,1259.0,5.0,2.0,2019.0,4.190050505050503
353,2019-02-28,1570.5,4.0,2.0,2019.0,4.173383838383836
354,2019-03-01,1535.5,4.75,3.0,2019.0,4.225050505050502
355,2019-03-02,1653.0,3.5,3.0,2019.0,4.215050505050503
356,2019-03-03,1701.0,4.0,3.0,2019.0,4.2150505050505025
357,2019-03-04,1379.7692307692307,3.6923076923076925,3.0,2019.0,4.181460761460759
358,2019-03-05,1207.25,3.0,3.0,2019.0,4.164794094794092
359,2019-03-06,1205.5,4.5,3.0,2019.0,4.174794094794092
360,2019-03-07,1510.0,3.6666666666666665,3.0,2019.0,4.169743589743588
361,2019-03-08,1507.0,5.0,3.0,2019.0,4.186410256410254
362,2019-03-09,1504.0,4.666666666666667,3.0,2019.0,4.175299145299143
363,2019-03-10,1501.5,5.0,3.0,2019.0,4.2086324786324765
364,2019-03-11,1498.5,3.75,3.0,2019.0,4.211410256410254
365,2019-03-12,1256.0,4.2,3.0,2019.0,4.201410256410254
366,2019-03-13,1189.25,5.0,3.0,2019.0,4.243076923076921
367,2019-03-14,1490.125,3.875,3.0,2019.0,4.238910256410254
368,2019-03-15,1483.875,4.625,3.0,2019.0,4.25557692307692
369,2019-03-16,1412.25,4.5,3.0,2019.0,4.2855769230769205
370,2019-03-17,1419.5,4.25,3.0,2019.0,4.283910256410254
371,2019-03-18,1459.0,3.6666666666666665,3.0,2019.0,4.247799145299142
372,2019-03-19,1499.0,4.0,3.0,2019.0,4.267799145299142
373,2019-03-20,1452.0,3.0,3.0,2019.0,4.204836182336179
374,2019-03-21,1402.2,3.8,3.0,2019.0,4.20233618233618
375,2019-03-22,1450.3333333333333,2.6666666666666665,3.0,2019.0,4.141225071225068
376,2019-03-23,1878.0,4.0,3.0,2019.0,4.134558404558401
377,2019-03-24,1357.4285714285713,4.857142857142857,3.0,2019.0,4.14312983312983
378,2019-03-25,1473.6666666666667,4.5,3.0,2019.0,4.178315018315015
379,2019-03-26,1338.1666666666667,3.3333333333333335,3.0,2019.0,4.131092796092792
380,2019-03-27,1627.8333333333333,4.0,3.0,2019.0,4.104426129426126
381,2019-03-28,1290.2,3.6,3.0,2019.0,4.079981684981681
382,2019-03-29,1564.0,4.833333333333333,3.0,2019.0,4.074426129426126
383,2019-03-30,1537.875,3.5,3.0,2019.0,4.057759462759459
384,2019-03-31,1429.0,3.75,3.0,2019.0,4.024426129426126
385,2019-04-01,1604.6,3.8,4.0,2019.0,4.034426129426126
386,2019-04-02,1653.75,5.0,4.0,2019.0,4.067759462759459
387,2019-04-03,1355.142857142857,3.2857142857142856,4.0,2019.0,4.054206349206345
388,2019-04-04,1847.25,4.0,4.0,2019.0,4.0875396825396795
389,2019-04-05,1620.6666666666667,4.0,4.0,2019.0,4.070873015873013
390,2019-04-06,1388.0,5.0,4.0,2019.0,4.115317460317457
391,2019-04-07,1442.6666666666667,5.0,4.0,2019.0,4.115317460317457
392,2019-04-08,1383.2307692307693,4.769230769230769,4.0,2019.0,4.118736263736261
393,2019-04-09,1711.125,3.875,4.0,2019.0,4.081236263736261
394,2019-04-10,1008.5714285714286,3.4285714285714284,4.0,2019.0,4.070521978021975
395,2019-04-11,1398.75,2.5,4.0,2019.0,4.013855311355308
396,2019-04-12,1762.75,4.0,4.0,2019.0,3.980521978021975
397,2019-04-13,1180.0,4.5,4.0,2019.0,4.001355311355308
398,2019-04-14,1338.4285714285713,2.857142857142857,4.0,2019.0,3.942426739926737
399,2019-04-15,1778.3333333333333,4.111111111111111,4.0,2019.0,3.929463776963774
400,2019-04-16,1346.0,4.2,4.0,2019.0,3.9277971102971074
401,2019-04-17,1342.5,3.0,4.0,2019.0,3.9055748880748853
402,2019-04-18,1378.25,4.75,4.0,2019.0,3.930574888074885
403,2019-04-19,1579.2,5.0,4.0,2019.0,3.9972415547415516
404,2019-04-20,1432.5555555555557,4.555555555555555,4.0,2019.0,4.022426739926737
405,2019-04-21,1598.7142857142858,2.142857142857143,4.0,2019.0,4.00496642246642
406,2019-04-22,1115.6,3.4,4.0,2019.0,3.9849664224664196
407,2019-04-23,1657.0,4.0,4.0,2019.0,3.9563949938949907
408,2019-04-24,1101.0,4.5,4.0,2019.0,3.9563949938949907
409,2019-04-25,1099.5,4.0,4.0,2019.0,3.9786172161172133
410,2019-04-26,1782.2,4.4,4.0,2019.0,3.991950549450547
411,2019-04-27,1337.0,4.571428571428571,4.0,2019.0,4.024331501831499
412,2019-04-28,1564.5,5.0,4.0,2019.0,4.029887057387055
413,2019-04-29,1376.4,4.8,4.0,2019.0,4.0732203907203886
414,2019-04-30,1636.4285714285713,4.0,4.0,2019.0,4.081553724053721
415,2019-05-01,1374.2142857142858,3.142857142857143,5.0,2019.0,4.05964896214896
416,2019-05-02,1558.8,4.6,5.0,2019.0,4.046315628815626
417,2019-05-03,1437.2857142857142,5.0,5.0,2019.0,4.103458485958483
418,2019-05-04,1186.3333333333333,5.0,5.0,2019.0,4.136791819291816
419,2019-05-05,1538.9,3.8,5.0,2019.0,4.1301251526251495
420,2019-05-06,1061.5555555555557,3.2222222222222223,5.0,2019.0,4.07086589336589
421,2019-05-07,1266.0,3.6666666666666665,5.0,2019.0,4.026421448921446
422,2019-05-08,1065.125,4.0,5.0,2019.0,4.00078042328042
423,2019-05-09,1315.75,4.0,5.0,2019.0,4.004947089947087
424,2019-05-10,2183.25,5.0,5.0,2019.0,4.05732804232804
425,2019-05-11,1269.5,4.75,5.0,2019.0,4.132328042328039
426,2019-05-12,1553.6,4.2,5.0,2019.0,4.138994708994706
427,2019-05-13,1571.5,5.0,5.0,2019.0,4.1556613756613725
428,2019-05-14,1432.857142857143,4.571428571428571,5.0,2019.0,4.21280423280423
429,2019-05-15,1513.142857142857,3.4285714285714284,5.0,2019.0,4.190052910052907
430,2019-05-16,1285.25,4.0,5.0,2019.0,4.1833862433862405
431,2019-05-17,1253.0,4.5,5.0,2019.0,4.23338624338624
432,2019-05-18,1669.3333333333333,3.6666666666666665,5.0,2019.0,4.197275132275129
433,2019-05-19,1337.5714285714287,3.857142857142857,5.0,2019.0,4.159179894179891
434,2019-05-20,1232.0,1.0,5.0,2019.0,4.040661375661373
435,2019-05-21,1455.2222222222222,4.222222222222222,5.0,2019.0,4.109973544973543
436,2019-05-22,1587.4,5.0,5.0,2019.0,4.163306878306875
437,2019-05-23,1343.4,3.4,5.0,2019.0,4.143306878306875
438,2019-05-24,1347.0,1.5,5.0,2019.0,4.0433068783068755
439,2019-05-25,1210.75,3.75,5.0,2019.0,4.034973544973542
440,2019-05-26,1215.0,3.0,5.0,2019.0,3.988306878306875
441,2019-05-27,1839.5,4.0,5.0,2019.0,3.969259259259256
442,2019-05-28,1555.125,4.5,5.0,2019.0,3.9525925925925893
443,2019-05-29,1859.142857142857,4.857142857142857,5.0,2019.0,3.9544973544973514
444,2019-05-30,1199.5,3.3333333333333335,5.0,2019.0,3.9322751322751293
445,2019-05-31,1558.6666666666667,4.333333333333333,5.0,2019.0,3.971957671957669
446,2019-06-01,1423.5,4.583333333333333,6.0,2019.0,3.971402116402113
447,2019-06-02,1462.5714285714287,4.714285714285714,6.0,2019.0,3.9618783068783037
448,2019-06-03,1114.875,3.875,6.0,2019.0,3.9243783068783036
449,2019-06-04,980.5,4.0,6.0,2019.0,3.9310449735449704
450,2019-06-05,1185.6,3.6,6.0,2019.0,3.9436375661375624
451,2019-06-06,1689.857142857143,4.285714285714286,6.0,2019.0,3.9642724867724835
452,2019-06-07,1315.5,3.25,6.0,2019.0,3.939272486772483
453,2019-06-08,1355.5,4.166666666666667,6.0,2019.0,3.944828042328039
454,2019-06-09,1185.7272727272727,4.7272727272727275,6.0,2019.0,3.9357371332371303
455,2019-06-10,1187.25,4.5,6.0,2019.0,3.927403799903797
456,2019-06-11,1293.4285714285713,3.4285714285714284,6.0,2019.0,3.901689514189511
457,2019-06-12,972.0,2.2,6.0,2019.0,3.808356180856178
458,2019-06-13,1646.3333333333333,3.6666666666666665,6.0,2019.0,3.778197450697448
459,2019-06-14,1145.5,4.5,6.0,2019.0,3.8139117364117334
460,2019-06-15,1121.0,4.375,6.0,2019.0,3.8264117364117336
461,2019-06-16,1492.3333333333333,4.583333333333333,6.0,2019.0,3.829189514189511
462,2019-06-17,1509.5,3.75,6.0,2019.0,3.8319672919672887
463,2019-06-18,917.3333333333334,2.6666666666666665,6.0,2019.0,3.792284752284749
464,2019-06-19,1456.2857142857142,3.7142857142857144,6.0,2019.0,3.8827609427609393
465,2019-06-20,1013.2,4.6,6.0,2019.0,3.8953535353535313
466,2019-06-21,1215.0,4.666666666666667,6.0,2019.0,3.8842424242424207
467,2019-06-22,1068.142857142857,4.571428571428571,6.0,2019.0,3.9232900432900393
468,2019-06-23,1347.75,5.0,6.0,2019.0,4.039956709956706
469,2019-06-24,1311.4285714285713,2.857142857142857,6.0,2019.0,4.010194805194802
470,2019-06-25,989.4444444444445,3.6666666666666665,6.0,2019.0,4.032417027417024
471,2019-06-26,1268.5555555555557,4.444444444444445,6.0,2019.0,4.047231842231839
472,2019-06-27,1674.4,5.0,6.0,2019.0,4.063898508898506
473,2019-06-28,925.75,4.5,6.0,2019.0,4.051993746993743
474,2019-06-29,1206.6666666666667,5.0,6.0,2019.0,4.107549302549299
475,2019-06-30,1112.25,4.75,6.0,2019.0,4.121438191438188
476,2019-07-01,1328.8333333333333,4.25,7.0,2019.0,4.110327080327077
477,2019-07-02,1218.909090909091,3.909090909090909,7.0,2019.0,4.083487253487251
478,2019-07-03,1136.8333333333333,4.833333333333333,7.0,2019.0,4.115431697931695
479,2019-07-04,1329.8333333333333,3.6666666666666665,7.0,2019.0,4.104320586820584
480,2019-07-05,1663.2222222222222,5.0,7.0,2019.0,4.1509872534872505
481,2019-07-06,819.8181818181819,3.0,7.0,2019.0,4.108130110630108
482,2019-07-07,787.875,4.625,7.0,2019.0,4.153963443963441
483,2019-07-08,1051.5,4.5,7.0,2019.0,4.165074555074551
484,2019-07-09,994.25,3.875,7.0,2019.0,4.13666546416546
485,2019-07-10,1121.0,4.2,7.0,2019.0,4.12666546416546
486,2019-07-11,1125.111111111111,3.7777777777777777,7.0,2019.0,4.138305675805672
487,2019-07-12,1232.0,4.666666666666667,7.0,2019.0,4.2205278980278935
488,2019-07-13,1035.8181818181818,4.181818181818182,7.0,2019.0,4.2376996151996105
489,2019-07-14,1093.8333333333333,5.0,7.0,2019.0,4.254366281866277
490,2019-07-15,1195.6,3.4,7.0,2019.0,4.221866281866277
491,2019-07-16,963.6666666666666,4.666666666666667,7.0,2019.0,4.224644059644055
492,2019-07-17,1270.909090909091,4.0,7.0,2019.0,4.232977392977388
493,2019-07-18,922.9090909090909,3.4545454545454546,7.0,2019.0,4.259240019240015
494,2019-07-19,1084.2,3.2,7.0,2019.0,4.242097162097158
495,2019-07-20,976.4,4.6,7.0,2019.0,4.242097162097158
496,2019-07-21,936.2857142857143,4.142857142857143,7.0,2019.0,4.224636844636841
497,2019-07-22,988.0,5.0,7.0,2019.0,4.238922558922555
498,2019-07-23,1435.111111111111,4.555555555555555,7.0,2019.0,4.22410774410774
499,2019-07-24,1156.2222222222222,4.777777777777778,7.0,2019.0,4.288128908128903
500,2019-07-25,931.4285714285714,3.7142857142857144,7.0,2019.0,4.289716209716206
501,2019-07-26,1384.0,4.666666666666667,7.0,2019.0,4.297123617123613
502,2019-07-27,892.8,4.4,7.0,2019.0,4.277123617123612
503,2019-07-28,897.6666666666666,4.333333333333333,7.0,2019.0,4.271568061568058
504,2019-07-29,1178.0,4.2,7.0,2019.0,4.24490139490139
505,2019-07-30,1403.0,4.555555555555555,7.0,2019.0,4.238419913419908
506,2019-07-31,1154.4444444444443,3.2222222222222223,7.0,2019.0,4.204160654160649
507,2019-08-01,1542.0,4.9,8.0,2019.0,4.237190957190952
508,2019-08-02,838.5,5.0,8.0,2019.0,4.242746512746509
509,2019-08-03,1191.7,4.3,8.0,2019.0,4.26385762385762
510,2019-08-04,1281.2,4.2,8.0,2019.0,4.237190957190952
511,2019-08-05,943.0,2.0,8.0,2019.0,4.203857623857619
512,2019-08-06,1294.3333333333333,4.0,8.0,2019.0,4.183024290524286
513,2019-08-07,874.75,5.0,8.0,2019.0,4.199690957190953
514,2019-08-08,1798.4,4.4,8.0,2019.0,4.217190957190953
515,2019-08-09,827.5,3.0,8.0,2019.0,4.177190957190953
516,2019-08-10,1214.5,5.0,8.0,2019.0,4.217931697931694
517,2019-08-11,2012.25,5.0,8.0,2019.0,4.229042809042805
518,2019-08-12,1932.3333333333333,5.0,8.0,2019.0,4.256315536315531
519,2019-08-13,1101.6,3.9,8.0,2019.0,4.219648869648865
520,2019-08-14,950.3333333333334,4.333333333333333,8.0,2019.0,4.250759980759977
521,2019-08-15,999.8,3.6,8.0,2019.0,4.215204425204421
522,2019-08-16,1194.1666666666667,3.0,8.0,2019.0,4.181871091871087
523,2019-08-17,909.4285714285714,3.7142857142857144,8.0,2019.0,4.190529100529096
524,2019-08-18,1246.75,5.0,8.0,2019.0,4.250529100529096
525,2019-08-19,1596.0,5.0,8.0,2019.0,4.26386243386243
526,2019-08-20,1165.0,4.363636363636363,8.0,2019.0,4.271221741221738
527,2019-08-21,1364.5,4.0,8.0,2019.0,4.237888407888405
528,2019-08-22,1167.25,2.75,8.0,2019.0,4.17770322270322
529,2019-08-23,1213.5,2.9,8.0,2019.0,4.115110630110626
530,2019-08-24,954.7777777777778,4.111111111111111,8.0,2019.0,4.12833814333814
531,2019-08-25,1546.1,4.6,8.0,2019.0,4.126115921115918
532,2019-08-26,845.1538461538462,3.6923076923076925,8.0,2019.0,4.102526177526174
533,2019-08-27,1769.4545454545455,4.545454545454546,8.0,2019.0,4.109596884596882
534,2019-08-28,973.7142857142857,2.5714285714285716,8.0,2019.0,4.0553111703111675
535,2019-08-29,1152.4285714285713,3.2857142857142856,8.0,2019.0,4.012983127983125
536,2019-08-30,1255.923076923077,4.3076923076923075,8.0,2019.0,4.049165464165461
537,2019-08-31,1006.2,3.4,8.0,2019.0,3.999165464165461
538,2019-09-01,851.1428571428571,4.857142857142857,9.0,2019.0,3.9944035594035565
539,2019-09-02,1317.3333333333333,4.333333333333333,9.0,2019.0,3.9955146705146674
540,2019-09-03,1611.4285714285713,3.4285714285714284,9.0,2019.0,3.9698003848003816
541,2019-09-04,1119.5,4.75,9.0,2019.0,4.061467051467049
542,2019-09-05,1065.4285714285713,3.5714285714285716,9.0,2019.0,4.047181337181334
543,2019-09-06,1662.2,4.0,9.0,2019.0,4.0138480038480004
544,2019-09-07,1307.0,5.0,9.0,2019.0,4.033848003848001
545,2019-09-08,1438.3333333333333,4.0,9.0,2019.0,4.067181337181334
546,2019-09-09,1472.3333333333333,4.833333333333333,9.0,2019.0,4.061625781625778
547,2019-09-10,1164.1666666666667,3.5,9.0,2019.0,4.011625781625778
548,2019-09-11,1730.0,3.0,9.0,2019.0,3.9449591149591114
549,2019-09-12,1371.1,4.4,9.0,2019.0,3.961625781625778
550,2019-09-13,1218.5,3.25,9.0,2019.0,3.925514670514667
551,2019-09-14,1172.2857142857142,3.0,9.0,2019.0,3.9055146705146675
552,2019-09-15,1454.5,3.7,9.0,2019.0,3.928848003848001
553,2019-09-16,1187.1666666666667,4.166666666666667,9.0,2019.0,3.9439273689273664
554,2019-09-17,1224.1818181818182,3.909090909090909,9.0,2019.0,3.90756373256373
555,2019-09-18,1383.4166666666667,4.083333333333333,9.0,2019.0,3.877008177008174
556,2019-09-19,1114.2857142857142,4.142857142857143,9.0,2019.0,3.869648869648867
557,2019-09-20,1748.5,5.0,9.0,2019.0,3.9029822029822
558,2019-09-21,1426.8,3.4,9.0,2019.0,3.924648869648867
559,2019-09-22,931.25,4.0,9.0,2019.0,3.9613155363155332
560,2019-09-23,1205.25,4.25,9.0,2019.0,3.965945165945163
561,2019-09-24,892.0,4.6,9.0,2019.0,3.965945165945163
562,2019-09-25,1230.375,3.125,9.0,2019.0,3.9470349095349064
563,2019-09-26,1733.5,2.9,9.0,2019.0,3.8921864246864217
564,2019-09-27,599.3333333333334,4.0,9.0,2019.0,3.9398054723054696
565,2019-09-28,1150.5,4.7,9.0,2019.0,3.9869483294483263
566,2019-09-29,1116.6666666666667,4.333333333333333,9.0,2019.0,3.987803030303027
567,2019-09-30,1506.3636363636363,3.4545454545454546,9.0,2019.0,3.9896212121212087
568,2019-10-01,1112.0,3.5,10.0,2019.0,3.9443831168831136
569,2019-10-02,1288.8333333333333,3.5,10.0,2019.0,3.916605339105336
570,2019-10-03,770.75,4.25,10.0,2019.0,3.943986291486288
571,2019-10-04,1020.4285714285714,3.857142857142857,10.0,2019.0,3.9142243867243836
572,2019-10-05,1582.5,2.5,10.0,2019.0,3.878510101010098
573,2019-10-06,875.5,3.875,10.0,2019.0,3.874343434343431
574,2019-10-07,851.125,4.0,10.0,2019.0,3.841010101010098
575,2019-10-08,1252.5,3.625,10.0,2019.0,3.8285101010100977
576,2019-10-09,995.5714285714286,4.571428571428571,10.0,2019.0,3.819779942279939
577,2019-10-10,1323.2857142857142,4.285714285714286,10.0,2019.0,3.8459704184704155
578,2019-10-11,1049.0666666666666,4.0,10.0,2019.0,3.8793037518037488
579,2019-10-12,917.125,3.625,10.0,2019.0,3.8534704184704154
580,2019-10-13,1036.3333333333333,4.0,10.0,2019.0,3.8784704184704153
581,2019-10-14,1280.6363636363637,4.363636363636363,10.0,2019.0,3.9239249639249607
582,2019-10-15,873.625,3.125,10.0,2019.0,3.904758297258294
583,2019-10-16,1442.4545454545455,4.181818181818182,10.0,2019.0,3.9052633477633445
584,2019-10-17,1315.25,3.375,10.0,2019.0,3.8874603174603144
585,2019-10-18,653.5555555555555,3.5555555555555554,10.0,2019.0,3.869867724867722
586,2019-10-19,1128.4,5.0,10.0,2019.0,3.8984391534391505
587,2019-10-20,1130.4285714285713,3.2857142857142856,10.0,2019.0,3.8412962962962935
588,2019-10-21,1728.125,3.75,10.0,2019.0,3.8529629629629603
589,2019-10-22,1378.5555555555557,3.2222222222222223,10.0,2019.0,3.8270370370370346
590,2019-10-23,831.1428571428571,4.142857142857143,10.0,2019.0,3.8234656084656056
591,2019-10-24,1409.5,4.166666666666667,10.0,2019.0,3.8090211640211615
592,2019-10-25,1438.5714285714287,4.428571428571429,10.0,2019.0,3.8524735449735426
593,2019-10-26,1044.0,4.285714285714286,10.0,2019.0,3.8986640211640187
594,2019-10-27,1413.0,3.25,10.0,2019.0,3.8736640211640188
595,2019-10-28,1250.9285714285713,4.285714285714286,10.0,2019.0,3.8598544973544953
596,2019-10-29,983.5,4.2,10.0,2019.0,3.855410052910051
597,2019-10-30,882.9,4.4,10.0,2019.0,3.8869252044252027
598,2019-10-31,1187.6,4.0,10.0,2019.0,3.9035918710918693
599,2019-11-01,949.8571428571429,3.2857142857142856,11.0,2019.0,3.896449013949012
600,2019-11-02,1144.9,4.2,11.0,2019.0,3.8947823472823457
601,2019-11-03,950.4166666666666,4.083333333333333,11.0,2019.0,3.9023220298220282
602,2019-11-04,1036.7142857142858,3.357142857142857,11.0,2019.0,3.9308934583934567
603,2019-11-05,693.4444444444445,3.111111111111111,11.0,2019.0,3.905430495430494
604,2019-11-06,921.4545454545455,4.454545454545454,11.0,2019.0,3.920582010582009
605,2019-11-07,860.4,4.6,11.0,2019.0,3.953082010582009
606,2019-11-08,1482.5,4.75,11.0,2019.0,3.9590343915343897
607,2019-11-09,462.6666666666667,3.0,11.0,2019.0,3.9161772486772466
608,2019-11-10,1267.3333333333333,3.3333333333333335,11.0,2019.0,3.8939550264550244
609,2019-11-11,747.5,3.375,11.0,2019.0,3.885621693121691
610,2019-11-12,1054.625,3.875,11.0,2019.0,3.8814550264550243
611,2019-11-13,1634.625,3.625,11.0,2019.0,3.8568338143338123
612,2019-11-14,1107.625,4.125,11.0,2019.0,3.8901671476671456
613,2019-11-15,835.6666666666666,4.0,11.0,2019.0,3.8841065416065397
614,2019-11-16,1213.25,4.375,11.0,2019.0,3.917439874939873
615,2019-11-17,991.2142857142857,3.5,11.0,2019.0,3.915588023088021
616,2019-11-18,1343.5,5.0,11.0,2019.0,3.915588023088021
617,2019-11-19,1493.142857142857,4.142857142857143,11.0,2019.0,3.9441594516594494
618,2019-11-20,1092.125,3.5,11.0,2019.0,3.935826118326116
619,2019-11-21,1072.142857142857,4.285714285714286,11.0,2019.0,3.9712758537758512
620,2019-11-22,1372.4545454545455,3.5454545454545454,11.0,2019.0,3.9513624338624314
621,2019-11-23,1409.1666666666667,3.5,11.0,2019.0,3.929140211640209
622,2019-11-24,530.1428571428571,3.142857142857143,11.0,2019.0,3.886283068783066
623,2019-11-25,955.4285714285714,2.4285714285714284,11.0,2019.0,3.824378306878304
624,2019-11-26,766.5714285714286,2.857142857142857,11.0,2019.0,3.8112830687830663
625,2019-11-27,1508.8333333333333,4.833333333333333,11.0,2019.0,3.829537037037034
626,2019-11-28,539.0,5.0,11.0,2019.0,3.8562037037037005
627,2019-11-29,1796.2,3.2,11.0,2019.0,3.8162037037037004
628,2019-11-30,819.6666666666666,4.0,11.0,2019.0,3.8162037037037004
629,2019-12-01,1077.5714285714287,4.0,12.0,2019.0,3.840013227513224
630,2019-12-02,1076.5,2.6666666666666665,12.0,2019.0,3.788902116402113
631,2019-12-03,882.9,4.1,12.0,2019.0,3.7894576719576687
632,2019-12-04,1429.75,4.75,12.0,2019.0,3.83588624338624
633,2019-12-05,1043.3,3.5,12.0,2019.0,3.8488492063492026
634,2019-12-06,851.0833333333334,4.333333333333333,12.0,2019.0,3.8448088023087985
635,2019-12-07,918.1,4.3,12.0,2019.0,3.8348088023087987
636,2019-12-08,1262.0,4.363636363636363,12.0,2019.0,3.8219300144300106
637,2019-12-09,1234.090909090909,3.090909090909091,12.0,2019.0,3.824960317460314
638,2019-12-10,828.7777777777778,3.888888888888889,12.0,2019.0,3.8434788359788326
639,2019-12-11,1360.1538461538462,3.3846153846153846,12.0,2019.0,3.843799348799345
640,2019-12-12,998.3888888888889,3.7777777777777777,12.0,2019.0,3.8405586080586045
641,2019-12-13,1438.6363636363637,4.2727272727272725,12.0,2019.0,3.862149517149513
642,2019-12-14,952.2142857142857,4.285714285714286,12.0,2019.0,3.867506660006656
643,2019-12-15,940.4615384615385,4.230769230769231,12.0,2019.0,3.8751989676989638
644,2019-12-16,1000.5,3.9,12.0,2019.0,3.8593656343656306
645,2019-12-17,754.8666666666667,2.933333333333333,12.0,2019.0,3.840476745476742
646,2019-12-18,967.7,3.6,12.0,2019.0,3.793810078810075
647,2019-12-19,1061.0,4.8,12.0,2019.0,3.815714840714837
648,2019-12-20,584.0,4.714285714285714,12.0,2019.0,3.856191031191027
649,2019-12-21,965.6,4.6,12.0,2019.0,3.866667221667217
650,2019-12-22,892.4545454545455,4.454545454545454,12.0,2019.0,3.8969702519702474
651,2019-12-23,1130.75,4.5,12.0,2019.0,3.930303585303581
652,2019-12-24,863.7142857142857,3.2857142857142856,12.0,2019.0,3.935065490065486
653,2019-12-25,1024.5384615384614,3.3076923076923075,12.0,2019.0,3.964369519369515
654,2019-12-26,582.2,3.7333333333333334,12.0,2019.0,3.9935758685758644
655,2019-12-27,1059.5,4.25,12.0,2019.0,3.97413142413142
656,2019-12-28,915.3333333333334,4.0,12.0,2019.0,3.940798090798087
657,2019-12-29,751.4285714285714,2.5714285714285716,12.0,2019.0,3.9198457098457054
658,2019-12-30,721.8333333333334,3.75,12.0,2019.0,3.911512376512372
659,2019-12-31,931.5,4.083333333333333,12.0,2019.0,3.91429015429015
660,2020-01-01,1007.3636363636364,3.8181818181818183,1.0,2020.0,3.952673992673988
661,2020-01-02,638.7142857142857,4.357142857142857,1.0,2020.0,3.9612454212454167
662,2020-01-03,896.6923076923077,4.153846153846154,1.0,2020.0,3.9413736263736223
663,2020-01-04,1091.4736842105262,3.6842105263157894,1.0,2020.0,3.947513977250815
664,2020-01-05,708.8,4.066666666666666,1.0,2020.0,3.9386250883619263
665,2020-01-06,925.1818181818181,3.727272727272727,1.0,2020.0,3.9195341792710177
666,2020-01-07,1243.3636363636363,4.363636363636363,1.0,2020.0,3.9195341792710177
667,2020-01-08,872.0,4.7272727272727275,1.0,2020.0,3.9740796338164723
668,2020-01-09,1118.8333333333333,5.0,1.0,2020.0,4.011116670853509
669,2020-01-10,867.375,4.125,1.0,2020.0,4.035796158032997
670,2020-01-11,1332.8181818181818,3.272727272727273,1.0,2020.0,4.0189611411979795
671,2020-01-12,693.9,3.7,1.0,2020.0,3.999870232107071
672,2020-01-13,910.2222222222222,3.4444444444444446,1.0,2020.0,3.971827904064743
673,2020-01-14,1265.3636363636363,3.909090909090909,1.0,2020.0,3.961105293342132
674,2020-01-15,1000.75,3.75,1.0,2020.0,3.956105293342132
675,2020-01-16,954.2,3.4,1.0,2020.0,3.9716608488976872
676,2020-01-17,804.8888888888889,3.7777777777777777,1.0,2020.0,3.9775867748236133
677,2020-01-18,635.625,3.75,1.0,2020.0,3.942586774823613
678,2020-01-19,757.3333333333334,3.6666666666666665,1.0,2020.0,3.907666139902979
679,2020-01-20,996.8,4.6,1.0,2020.0,3.907666139902979
680,2020-01-21,882.7,3.9,1.0,2020.0,3.8891812914181307
681,2020-01-22,1107.5,4.3,1.0,2020.0,3.882514624751464
682,2020-01-23,914.0,3.2222222222222223,1.0,2020.0,3.8803982226350615
683,2020-01-24,735.1428571428571,3.7142857142857144,1.0,2020.0,3.893951336188175
684,2020-01-25,704.0,4.1875,1.0,2020.0,3.909090225077064
685,2020-01-26,1089.5384615384614,4.384615384615385,1.0,2020.0,3.9135774045642435
686,2020-01-27,1043.5,4.166666666666667,1.0,2020.0,3.919132960119799
687,2020-01-28,453.4,4.133333333333334,1.0,2020.0,3.9711964521832916
688,2020-01-29,1120.125,4.375,1.0,2020.0,3.992029785516625
689,2020-01-30,609.5555555555555,3.2222222222222223,1.0,2020.0,3.9633260818129217
690,2020-01-31,689.0,3.8,1.0,2020.0,3.962720021206861
691,2020-02-01,737.0,4.083333333333333,2.0,2020.0,3.9535930370798766
692,2020-02-02,831.4444444444445,4.555555555555555,2.0,2020.0,3.9669833504701897
693,2020-02-03,873.7777777777778,4.0,2.0,2020.0,3.9775096662596634
694,2020-02-04,1132.9,2.8,2.0,2020.0,3.9352874440374412
695,2020-02-05,676.1111111111111,3.6666666666666665,2.0,2020.0,3.933267242017239
696,2020-02-06,684.8571428571429,4.428571428571429,2.0,2020.0,3.9354317441817415
697,2020-02-07,612.7777777777778,4.111111111111111,2.0,2020.0,3.9148930236430206
698,2020-02-08,893.1428571428571,4.0,2.0,2020.0,3.8815596903096874
699,2020-02-09,554.5833333333334,3.8333333333333335,2.0,2020.0,3.871837468087465
700,2020-02-10,966.0,2.5,2.0,2020.0,3.8460798923298896
701,2020-02-11,782.5555555555555,4.0,2.0,2020.0,3.8560798923298893
702,2020-02-12,917.1666666666666,3.0,2.0,2020.0,3.8412650775150747
703,2020-02-13,472.6363636363636,3.6363636363636362,2.0,2020.0,3.832174168424166
704,2020-02-14,493.2,4.6,2.0,2020.0,3.860507501757499
705,2020-02-15,426.0,3.6666666666666665,2.0,2020.0,3.8693963906463877
706,2020-02-16,1001.25,4.5,2.0,2020.0,3.8934704647204623
707,2020-02-17,561.8,3.5,2.0,2020.0,3.8851371313871286
708,2020-02-18,878.0,4.444444444444445,2.0,2020.0,3.9110630573130547
709,2020-02-19,895.1538461538462,4.153846153846154,2.0,2020.0,3.8961912624412602
710,2020-02-20,798.2857142857143,4.285714285714286,2.0,2020.0,3.9090484052984027
711,2020-02-21,1613.2222222222222,4.111111111111111,2.0,2020.0,3.902752109002107
712,2020-02-22,1149.0,3.0,2.0,2020.0,3.8953447015946994
713,2020-02-23,1045.7142857142858,3.7857142857142856,2.0,2020.0,3.897725653975652
714,2020-02-24,1006.2,4.8,2.0,2020.0,3.9181423206423185
715,2020-02-25,421.8333333333333,3.6666666666666665,2.0,2020.0,3.8942106967106946
716,2020-02-26,769.2,4.6,2.0,2020.0,3.9086551411551387
717,2020-02-27,1271.5,4.75,2.0,2020.0,3.9292106967106943
718,2020-02-28,1404.5,3.25,2.0,2020.0,3.8917106967106943
719,2020-02-29,947.4,4.1,2.0,2020.0,3.920969955969953
720,2020-03-01,605.8571428571429,3.2857142857142856,3.0,2020.0,3.903827098827096
721,2020-03-02,1072.5,3.6666666666666665,3.0,2020.0,3.8899382099382076
722,2020-03-03,1444.75,3.875,3.0,2020.0,3.867253024753022
723,2020-03-04,1230.8333333333333,4.0,3.0,2020.0,3.867253024753022
724,2020-03-05,581.8461538461538,4.538461538461538,3.0,2020.0,3.92520174270174
725,2020-03-06,1591.625,2.875,3.0,2020.0,3.898812853812851
726,2020-03-07,699.9090909090909,3.909090909090909,3.0,2020.0,3.881496836496834
727,2020-03-08,1317.9,3.6,3.0,2020.0,3.8644597994597962
728,2020-03-09,848.4444444444445,3.888888888888889,3.0,2020.0,3.8607560957560927
729,2020-03-10,97.5,3.5,3.0,2020.0,3.8496449846449816
730,2020-03-11,1900.0,4.5,3.0,2020.0,3.916311651311648
731,2020-03-12,791.6,4.3,3.0,2020.0,3.9263116513116483
732,2020-03-13,1619.5714285714287,4.857142857142857,3.0,2020.0,3.9882164132164104
733,2020-03-14,726.5714285714286,3.7142857142857144,3.0,2020.0,3.9908138158138127
734,2020-03-15,1190.5,4.0,3.0,2020.0,3.9708138158138127
735,2020-03-16,1190.5,4.0,3.0,2020.0,3.9708138158138127
736,2020-03-17,1760.75,3.75,3.0,2020.0,3.9735915935915904
737,2020-03-18,1257.0,3.0,3.0,2020.0,3.92359159359159
738,2020-03-19,826.2,4.0,3.0,2020.0,3.9402582602582568
739,2020-03-20,1417.2,4.2,3.0,2020.0,3.932110112110109
740,2020-03-21,1460.7,4.1,3.0,2020.0,3.930315240315237
741,2020-03-22,1132.25,4.125,3.0,2020.0,3.9249580974580938
742,2020-03-23,2439.5,4.0,3.0,2020.0,3.9212543937543898
743,2020-03-24,499.0,3.6666666666666665,3.0,2020.0,3.9434766159766124
744,2020-03-25,2479.5,5.0,3.0,2020.0,3.9839528064528027
745,2020-03-26,1178.25,3.5,3.0,2020.0,3.9406194731194693
746,2020-03-27,1435.5,5.0,3.0,2020.0,3.9850639175639135
747,2020-03-28,1368.6666666666667,2.6666666666666665,3.0,2020.0,3.9206194731194697
748,2020-03-29,1358.0,3.5,3.0,2020.0,3.8789528064528027
749,2020-03-30,1072.6666666666667,3.6666666666666665,3.0,2020.0,3.892841695341692
750,2020-03-31,1620.3333333333333,3.8333333333333335,3.0,2020.0,3.883952806452803
751,2020-04-01,604.0,5.0,4.0,2020.0,3.94109566359566
752,2020-04-02,2006.0,5.0,4.0,2020.0,3.9855401080401043
753,2020-04-03,1544.6666666666667,3.3333333333333335,4.0,2020.0,3.9674845524845486
754,2020-04-04,1917.3333333333333,5.0,4.0,2020.0,4.000817885817882
755,2020-04-05,1407.125,3.375,4.0,2020.0,3.962035834535831
756,2020-04-06,2724.0,1.0,4.0,2020.0,3.899535834535831
757,2020-04-07,1586.0,4.666666666666667,4.0,2020.0,3.9247883597883564
758,2020-04-08,2051.3636363636365,4.909090909090909,4.0,2020.0,3.96842472342472
759,2020-04-09,1505.3333333333333,3.5,4.0,2020.0,3.9554617604617572
760,2020-04-10,1952.5,3.25,4.0,2020.0,3.947128427128424
761,2020-04-11,85.0,5.0,4.0,2020.0,3.9637950937950905
762,2020-04-12,1533.0,1.5,4.0,2020.0,3.8704617604617573
763,2020-04-13,890.0,3.0,4.0,2020.0,3.808556998556995
764,2020-04-14,890.0,3.0,4.0,2020.0,3.808556998556995
765,2020-04-15,1218.5,4.75,4.0,2020.0,3.843080808080805
766,2020-04-16,1383.0,3.2,4.0,2020.0,3.816414141414138
767,2020-04-17,800.0,4.8,4.0,2020.0,3.8514141414141383
768,2020-04-18,1714.0,3.4,4.0,2020.0,3.864747474747472
769,2020-04-19,1222.5,4.0,4.0,2020.0,3.864747474747472
770,2020-04-20,1484.75,3.75,4.0,2020.0,3.849747474747472
771,2020-04-21,1207.5555555555557,4.555555555555555,4.0,2020.0,3.864932659932657
772,2020-04-22,1086.7,4.0,4.0,2020.0,3.8607659932659906
773,2020-04-23,80.0,5.0,4.0,2020.0,3.894099326599324
774,2020-04-24,2060.6666666666665,4.333333333333333,4.0,2020.0,3.9163215488215455
775,2020-04-25,2209.3333333333335,4.333333333333333,4.0,2020.0,3.8940993265993233
776,2020-04-26,1197.75,5.0,4.0,2020.0,3.944099326599323
777,2020-04-27,1503.0,5.0,4.0,2020.0,3.944099326599323
778,2020-04-28,1682.6666666666667,4.833333333333333,4.0,2020.0,4.016321548821545
779,2020-04-29,568.0,3.8,4.0,2020.0,4.026321548821545
780,2020-04-30,1683.0,4.8,4.0,2020.0,4.064099326599322
781,2020-05-01,1586.0,2.0,5.0,2020.0,4.0029882154882115
782,2020-05-02,1625.5,3.0,5.0,2020.0,3.936321548821545
783,2020-05-03,1389.6,4.2,5.0,2020.0,3.909654882154878
784,2020-05-04,1673.0,4.5,5.0,2020.0,3.9485437710437674
785,2020-05-05,1644.5,4.5,5.0,2020.0,3.931877104377101
786,2020-05-06,1257.0,3.3333333333333335,5.0,2020.0,3.9304882154882117
787,2020-05-07,1127.3333333333333,4.5,5.0,2020.0,4.047154882154879
788,2020-05-08,1636.125,4.125,5.0,2020.0,4.029099326599323
789,2020-05-09,677.0,3.6666666666666665,5.0,2020.0,3.9876851851851813
790,2020-05-10,773.3333333333334,2.3333333333333335,5.0,2020.0,3.9487962962962926
791,2020-05-11,1113.4,3.6,5.0,2020.0,3.960462962962959
792,2020-05-12,1011.5714285714286,3.857142857142857,5.0,2020.0,3.922367724867721
793,2020-05-13,1547.25,5.0,5.0,2020.0,4.039034391534388
794,2020-05-14,1917.0,3.857142857142857,5.0,2020.0,4.0676058201058165
795,2020-05-15,1625.0,4.833333333333333,5.0,2020.0,4.070383597883594
796,2020-05-16,1625.0,4.833333333333333,5.0,2020.0,4.070383597883594
797,2020-05-17,1155.25,3.5,5.0,2020.0,4.080383597883594
798,2020-05-18,836.875,4.375,5.0,2020.0,4.066216931216927
799,2020-05-19,1232.5,4.0,5.0,2020.0,4.086216931216927
800,2020-05-20,1234.6666666666667,4.833333333333333,5.0,2020.0,4.113994708994705
801,2020-05-21,1258.8,4.0,5.0,2020.0,4.122328042328038
802,2020-05-22,1585.7142857142858,4.285714285714286,5.0,2020.0,4.113333333333329
803,2020-05-23,1423.75,2.75,5.0,2020.0,4.071666666666663
804,2020-05-24,1354.8,5.0,5.0,2020.0,4.071666666666663
805,2020-05-25,2117.8333333333335,3.6666666666666665,5.0,2020.0,4.049444444444441
806,2020-05-26,1365.4615384615386,4.615384615384615,5.0,2020.0,4.05884615384615
807,2020-05-27,1693.75,3.5,5.0,2020.0,4.00884615384615
808,2020-05-28,1337.0,4.75,5.0,2020.0,4.000512820512816
809,2020-05-29,1149.0,4.166666666666667,5.0,2020.0,3.9782905982905947
810,2020-05-30,1655.5714285714287,4.285714285714286,5.0,2020.0,3.9944810744810715
811,2020-05-31,1255.857142857143,4.857142857142857,5.0,2020.0,3.9963858363858336
812,2020-06-01,988.8333333333334,4.166666666666667,6.0,2020.0,4.0686080586080555
813,2020-06-02,844.5,3.6666666666666665,6.0,2020.0,4.0908302808302786
814,2020-06-03,621.1428571428571,3.7142857142857144,6.0,2020.0,4.074639804639802
815,2020-06-04,1184.125,4.75,6.0,2020.0,4.082973137973135
816,2020-06-05,1154.625,4.375,6.0,2020.0,4.078806471306469
817,2020-06-06,1687.857142857143,4.142857142857143,6.0,2020.0,4.105790598290596
818,2020-06-07,981.3333333333334,5.0,6.0,2020.0,4.122457264957262
819,2020-06-08,1466.3636363636363,3.909090909090909,6.0,2020.0,4.115260295260293
820,2020-06-09,1518.1875,4.9375,6.0,2020.0,4.157621406371403
821,2020-06-10,1309.9166666666667,4.416666666666667,6.0,2020.0,4.2270658508158485
822,2020-06-11,1641.0,4.333333333333333,6.0,2020.0,4.251510295260292
823,2020-06-12,796.8333333333334,5.0,6.0,2020.0,4.28960553335553
824,2020-06-13,1848.25,3.75,6.0,2020.0,4.247938866688864
825,2020-06-14,1889.0,5.0,6.0,2020.0,4.286034104784102
826,2020-06-15,1712.5,4.5,6.0,2020.0,4.27492299367299
827,2020-06-16,1706.7777777777778,4.555555555555555,6.0,2020.0,4.310108178858175
828,2020-06-17,1695.75,4.75,6.0,2020.0,4.322608178858175
829,2020-06-18,2166.3333333333335,4.5,6.0,2020.0,4.339274845524842
830,2020-06-19,1647.2,4.0,6.0,2020.0,4.311497067747064
831,2020-06-20,1152.2,4.8,6.0,2020.0,4.3381637344137305
832,2020-06-21,1941.142857142857,3.7142857142857144,6.0,2020.0,4.319116115366112
833,2020-06-22,1458.625,4.75,6.0,2020.0,4.385782782032779
834,2020-06-23,1606.9285714285713,4.071428571428571,6.0,2020.0,4.354830401080398
835,2020-06-24,1392.8333333333333,4.0,6.0,2020.0,4.36594151219151
836,2020-06-25,1772.8333333333333,3.8333333333333335,6.0,2020.0,4.339873136123134
837,2020-06-26,1491.0,3.0,6.0,2020.0,4.323206469456467
838,2020-06-27,1564.0,4.5,6.0,2020.0,4.3148731361231345
839,2020-06-28,1575.2222222222222,3.7777777777777777,6.0,2020.0,4.301910173160171
840,2020-06-29,1816.0,3.857142857142857,6.0,2020.0,4.287624458874458
841,2020-06-30,1361.7692307692307,4.461538461538462,6.0,2020.0,4.274437645687644
842,2020-07-01,1280.5,4.0,7.0,2020.0,4.268882090132089
843,2020-07-02,1571.8,3.8,7.0,2020.0,4.273326534576534
844,2020-07-03,1139.125,4.375,7.0,2020.0,4.295350344100343
845,2020-07-04,1125.2,3.8,7.0,2020.0,4.263683677433677
846,2020-07-05,1508.6666666666667,5.0,7.0,2020.0,4.28451701076701
847,2020-07-06,825.4285714285714,4.142857142857143,7.0,2020.0,4.28451701076701
848,2020-07-07,1488.2222222222222,4.777777777777778,7.0,2020.0,4.2771096033596026
849,2020-07-08,1603.625,4.5,7.0,2020.0,4.296806573056572
850,2020-07-09,1695.8333333333333,4.333333333333333,7.0,2020.0,4.276667684167683
851,2020-07-10,1359.1,4.4,7.0,2020.0,4.276112128612128
852,2020-07-11,1230.1666666666667,3.5,7.0,2020.0,4.248334350834351
853,2020-07-12,1166.75,5.0,7.0,2020.0,4.248334350834351
854,2020-07-13,1096.0,4.166666666666667,7.0,2020.0,4.262223239723239
855,2020-07-14,2155.0,5.0,7.0,2020.0,4.262223239723239
856,2020-07-15,1555.3333333333333,3.6666666666666665,7.0,2020.0,4.234445461945461
857,2020-07-16,1494.0,4.25,7.0,2020.0,4.224260276760275
858,2020-07-17,1082.5714285714287,4.142857142857143,7.0,2020.0,4.2040221815221805
859,2020-07-18,1053.2,5.0,7.0,2020.0,4.220688848188847
860,2020-07-19,1590.9,4.7,7.0,2020.0,4.244022181522181
861,2020-07-20,1854.2222222222222,3.3333333333333335,7.0,2020.0,4.195133292633292
862,2020-07-21,1213.0833333333333,4.833333333333333,7.0,2020.0,4.232434879934879
863,2020-07-22,1264.0,4.8,7.0,2020.0,4.234101546601546
864,2020-07-23,1130.0,4.5,7.0,2020.0,4.24838726088726
865,2020-07-24,1311.0,4.0,7.0,2020.0,4.2483872608872595
866,2020-07-25,1556.111111111111,3.6666666666666665,7.0,2020.0,4.242831705331704
867,2020-07-26,1562.0,3.1666666666666665,7.0,2020.0,4.2483872608872595
868,2020-07-27,1328.0,3.6,7.0,2020.0,4.218387260887259
869,2020-07-28,1668.0,4.0,7.0,2020.0,4.225794668294667
870,2020-07-29,1739.1,4.1,7.0,2020.0,4.233889906389905
871,2020-07-30,1595.3636363636363,3.8181818181818183,7.0,2020.0,4.212444684944683
872,2020-07-31,1376.3636363636363,3.6363636363636362,7.0,2020.0,4.200323472823471
873,2020-08-01,1715.6666666666667,4.333333333333333,8.0,2020.0,4.218101250601249
874,2020-08-02,1583.0,3.5714285714285716,8.0,2020.0,4.1913155363155346
875,2020-08-03,1438.0,4.0,8.0,2020.0,4.197982202982201
876,2020-08-04,1579.0,4.5,8.0,2020.0,4.181315536315536
877,2020-08-05,1468.3333333333333,5.0,8.0,2020.0,4.209886964886964
878,2020-08-06,280.0,2.5,8.0,2020.0,4.133961038961038
879,2020-08-07,1735.4,4.7,8.0,2020.0,4.140627705627705
880,2020-08-08,1560.857142857143,4.857142857142857,8.0,2020.0,4.158088023088022
881,2020-08-09,1459.7,4.3,8.0,2020.0,4.1547546897546885
882,2020-08-10,1207.0,4.428571428571429,8.0,2020.0,4.185707070707069
883,2020-08-11,1511.9285714285713,4.285714285714286,8.0,2020.0,4.161897546897546
884,2020-08-12,1886.5,5.0,8.0,2020.0,4.189675324675323
885,2020-08-13,2654.4,4.6,8.0,2020.0,4.17634199134199
886,2020-08-14,1172.6,3.6,8.0,2020.0,4.174119769119767
887,2020-08-15,1760.0,4.0,8.0,2020.0,4.165786435786433
888,2020-08-16,2030.5,4.75,8.0,2020.0,4.186024531024529
889,2020-08-17,1769.3333333333333,4.0,8.0,2020.0,4.152691197691196
890,2020-08-18,1702.6666666666667,4.333333333333333,8.0,2020.0,4.140468975468973
891,2020-08-19,1493.25,4.0,8.0,2020.0,4.162691197691196
892,2020-08-20,1583.2,4.6,8.0,2020.0,4.154913419913419
893,2020-08-21,2140.5714285714284,4.428571428571429,8.0,2020.0,4.142532467532467
894,2020-08-22,1569.0,5.0,8.0,2020.0,4.159199134199133
